{"backgrounds":[{"src":"ReelHeist/backgrounds/default.jpg?c=1a4c10795cb","id":"default","ext":".jpg","size":14133}],"banners":[{"src":"ReelHeist/banners/wide.jpg?c=1e183381ff2","id":"wide","ext":".jpg","size":45706},{"src":"ReelHeist/banners/tiny.jpg?c=1d472494f9f","id":"tiny","ext":".jpg","size":2666},{"src":"ReelHeist/banners/thumb.jpg?c=17110b5546b","id":"thumb","ext":".jpg","size":5367},{"src":"ReelHeist/banners/small.jpg?c=151338ea788","id":"small","ext":".jpg","size":28880}],"bannersChars":[{"src":"ReelHeist/bannersChars/wide.jpg?c=17b2e7842f5","id":"wide","ext":".jpg","size":48274},{"src":"ReelHeist/bannersChars/tiny.jpg?c=1194b99c4ee","id":"tiny","ext":".jpg","size":1892},{"src":"ReelHeist/bannersChars/thumb.jpg?c=1e9623167cf","id":"thumb","ext":".jpg","size":4916},{"src":"ReelHeist/bannersChars/small.jpg?c=16788a2455e","id":"small","ext":".jpg","size":34082}],"locale":[{"src":"ReelHeist/locale/translations.json?c=1f1e39b37d6","id":"translations","ext":".json","size":1351}],"screenshots":[{"src":"ReelHeist/screenshots/5.png?c=12d717ec138","id":"5","ext":".png","size":326727},{"src":"ReelHeist/screenshots/4.png?c=1bec7413fc3","id":"4","ext":".png","size":321207},{"src":"ReelHeist/screenshots/3.png?c=134b6f8fa11","id":"3","ext":".png","size":343964},{"src":"ReelHeist/screenshots/2.png?c=13a55e92343","id":"2","ext":".png","size":322833},{"src":"ReelHeist/screenshots/1.png?c=1a69541cdd0","id":"1","ext":".png","size":300279}],"tiles":{"cs":[{"src":"ReelHeist/tiles/cs/img_tile9.png?c=1fa41b31483","id":"img_tile9","ext":".png","size":13585},{"src":"ReelHeist/tiles/cs/img_tile14.png?c=1381ad7d16d","id":"img_tile14","ext":".png","size":14524},{"src":"ReelHeist/tiles/cs/img_tile13.png?c=1a27b711a32","id":"img_tile13","ext":".png","size":13133},{"src":"ReelHeist/tiles/cs/img_tile12.png?c=1b9002383db","id":"img_tile12","ext":".png","size":12718},{"src":"ReelHeist/tiles/cs/img_tile11.png?c=1379a9d8ea6","id":"img_tile11","ext":".png","size":12774},{"src":"ReelHeist/tiles/cs/img_tile10.png?c=16049cca042","id":"img_tile10","ext":".png","size":12359}],"da":[{"src":"ReelHeist/tiles/da/img_tile9.png?c=1367a6b072a","id":"img_tile9","ext":".png","size":13938},{"src":"ReelHeist/tiles/da/img_tile14.png?c=100dfe63af9","id":"img_tile14","ext":".png","size":14806},{"src":"ReelHeist/tiles/da/img_tile13.png?c=104a3894633","id":"img_tile13","ext":".png","size":13100},{"src":"ReelHeist/tiles/da/img_tile12.png?c=117dce2061d","id":"img_tile12","ext":".png","size":13066},{"src":"ReelHeist/tiles/da/img_tile11.png?c=1f10d61ee48","id":"img_tile11","ext":".png","size":12731},{"src":"ReelHeist/tiles/da/img_tile10.png?c=11f4091059a","id":"img_tile10","ext":".png","size":12338}],"de":[{"src":"ReelHeist/tiles/de/img_tile9.png?c=1b9c1ae5e4b","id":"img_tile9","ext":".png","size":13678},{"src":"ReelHeist/tiles/de/img_tile15.png?c=174d6181d5a","id":"img_tile15","ext":".png","size":12767},{"src":"ReelHeist/tiles/de/img_tile14.png?c=1f15d5e0538","id":"img_tile14","ext":".png","size":14500},{"src":"ReelHeist/tiles/de/img_tile13.png?c=1c636ba6ff2","id":"img_tile13","ext":".png","size":13268},{"src":"ReelHeist/tiles/de/img_tile12.png?c=129f266ede8","id":"img_tile12","ext":".png","size":12913},{"src":"ReelHeist/tiles/de/img_tile11.png?c=1846ce700b1","id":"img_tile11","ext":".png","size":12787},{"src":"ReelHeist/tiles/de/img_tile10.png?c=13773d924cb","id":"img_tile10","ext":".png","size":12404}],"el":[{"src":"ReelHeist/tiles/el/img_tile9.png?c=189dbbd2615","id":"img_tile9","ext":".png","size":13554},{"src":"ReelHeist/tiles/el/img_tile15.png?c=1b4205d8407","id":"img_tile15","ext":".png","size":11381},{"src":"ReelHeist/tiles/el/img_tile14.png?c=10b43308ca0","id":"img_tile14","ext":".png","size":14368},{"src":"ReelHeist/tiles/el/img_tile13.png?c=1d324a16fc9","id":"img_tile13","ext":".png","size":13205},{"src":"ReelHeist/tiles/el/img_tile12.png?c=1ac389e72d3","id":"img_tile12","ext":".png","size":12822},{"src":"ReelHeist/tiles/el/img_tile11.png?c=1e4cf93daee","id":"img_tile11","ext":".png","size":12774},{"src":"ReelHeist/tiles/el/img_tile100.png?c=19bd348bb07","id":"img_tile100","ext":".png","size":15084},{"src":"ReelHeist/tiles/el/img_tile10.png?c=18e01353696","id":"img_tile10","ext":".png","size":12374}],"en":[{"src":"ReelHeist/tiles/en/img_tile9.png?c=100e20894a5","id":"img_tile9","ext":".png","size":12986},{"src":"ReelHeist/tiles/en/img_tile8.png?c=1487e47f776","id":"img_tile8","ext":".png","size":8318},{"src":"ReelHeist/tiles/en/img_tile7.png?c=1443ed99b59","id":"img_tile7","ext":".png","size":12811},{"src":"ReelHeist/tiles/en/img_tile6.png?c=18cfd22f652","id":"img_tile6","ext":".png","size":7611},{"src":"ReelHeist/tiles/en/img_tile5.png?c=1f4fa69dfcd","id":"img_tile5","ext":".png","size":2343},{"src":"ReelHeist/tiles/en/img_tile4.png?c=1677a87c506","id":"img_tile4","ext":".png","size":2135},{"src":"ReelHeist/tiles/en/img_tile3.png?c=1b46d2e3f7c","id":"img_tile3","ext":".png","size":2492},{"src":"ReelHeist/tiles/en/img_tile2.png?c=139df8b0a17","id":"img_tile2","ext":".png","size":1698},{"src":"ReelHeist/tiles/en/img_tile15.png?c=1bdbc6bbed2","id":"img_tile15","ext":".png","size":11618},{"src":"ReelHeist/tiles/en/img_tile14.png?c=1bd050ba320","id":"img_tile14","ext":".png","size":15256},{"src":"ReelHeist/tiles/en/img_tile13.png?c=1ea0d0a5a24","id":"img_tile13","ext":".png","size":13395},{"src":"ReelHeist/tiles/en/img_tile12.png?c=161d3c40e55","id":"img_tile12","ext":".png","size":12874},{"src":"ReelHeist/tiles/en/img_tile11.png?c=1cdb3d56c26","id":"img_tile11","ext":".png","size":12962},{"src":"ReelHeist/tiles/en/img_tile100.png?c=1dbbf47d2e0","id":"img_tile100","ext":".png","size":15664},{"src":"ReelHeist/tiles/en/img_tile10.png?c=12f226e58e3","id":"img_tile10","ext":".png","size":12338},{"src":"ReelHeist/tiles/en/img_tile1.png?c=174eff3c339","id":"img_tile1","ext":".png","size":2521},{"src":"ReelHeist/tiles/en/img_tile0.png?c=154dc922203","id":"img_tile0","ext":".png","size":1071}],"es":[{"src":"ReelHeist/tiles/es/img_tile9.png?c=15a4b750ebd","id":"img_tile9","ext":".png","size":13682},{"src":"ReelHeist/tiles/es/img_tile15.png?c=16de0857682","id":"img_tile15","ext":".png","size":11727},{"src":"ReelHeist/tiles/es/img_tile14.png?c=11fc6e79d67","id":"img_tile14","ext":".png","size":14823},{"src":"ReelHeist/tiles/es/img_tile13.png?c=10ac205ad8e","id":"img_tile13","ext":".png","size":13176},{"src":"ReelHeist/tiles/es/img_tile12.png?c=1abf65e6451","id":"img_tile12","ext":".png","size":12769},{"src":"ReelHeist/tiles/es/img_tile11.png?c=1a7501406f8","id":"img_tile11","ext":".png","size":12931},{"src":"ReelHeist/tiles/es/img_tile10.png?c=12c48e4b3a3","id":"img_tile10","ext":".png","size":12553}],"es-PE":[{"src":"ReelHeist/tiles/es-PE/img_tile9.png?c=12b15566812","id":"img_tile9","ext":".png","size":13345},{"src":"ReelHeist/tiles/es-PE/img_tile14.png?c=1aaa5542a4d","id":"img_tile14","ext":".png","size":14491},{"src":"ReelHeist/tiles/es-PE/img_tile13.png?c=194bc033c4f","id":"img_tile13","ext":".png","size":13274},{"src":"ReelHeist/tiles/es-PE/img_tile12.png?c=1e25435f52d","id":"img_tile12","ext":".png","size":12689},{"src":"ReelHeist/tiles/es-PE/img_tile11.png?c=11a61b10d16","id":"img_tile11","ext":".png","size":12878},{"src":"ReelHeist/tiles/es-PE/img_tile10.png?c=1161e1fbcc4","id":"img_tile10","ext":".png","size":12700}],"fi":[{"src":"ReelHeist/tiles/fi/img_tile9.png?c=1f6cdd0f285","id":"img_tile9","ext":".png","size":13504},{"src":"ReelHeist/tiles/fi/img_tile14.png?c=11d636d7330","id":"img_tile14","ext":".png","size":14534},{"src":"ReelHeist/tiles/fi/img_tile13.png?c=1cfff20d729","id":"img_tile13","ext":".png","size":13225},{"src":"ReelHeist/tiles/fi/img_tile12.png?c=18bdc8a39b3","id":"img_tile12","ext":".png","size":12607},{"src":"ReelHeist/tiles/fi/img_tile11.png?c=127df30324f","id":"img_tile11","ext":".png","size":12715},{"src":"ReelHeist/tiles/fi/img_tile10.png?c=179e31dc5ed","id":"img_tile10","ext":".png","size":12092}],"fr":[{"src":"ReelHeist/tiles/fr/img_tile9.png?c=157e9f57815","id":"img_tile9","ext":".png","size":13907},{"src":"ReelHeist/tiles/fr/img_tile14.png?c=1d2f42f694b","id":"img_tile14","ext":".png","size":14433},{"src":"ReelHeist/tiles/fr/img_tile13.png?c=1f886efe580","id":"img_tile13","ext":".png","size":13290},{"src":"ReelHeist/tiles/fr/img_tile12.png?c=10cce28255d","id":"img_tile12","ext":".png","size":12612},{"src":"ReelHeist/tiles/fr/img_tile11.png?c=140f5a3628f","id":"img_tile11","ext":".png","size":12666},{"src":"ReelHeist/tiles/fr/img_tile10.png?c=1652d921952","id":"img_tile10","ext":".png","size":12651}],"fr-CA":[{"src":"ReelHeist/tiles/fr-CA/img_tile9.png?c=16c361c0917","id":"img_tile9","ext":".png","size":17244},{"src":"ReelHeist/tiles/fr-CA/img_tile14.png?c=1a9babe8270","id":"img_tile14","ext":".png","size":53418},{"src":"ReelHeist/tiles/fr-CA/img_tile13.png?c=187293cda1e","id":"img_tile13","ext":".png","size":48107},{"src":"ReelHeist/tiles/fr-CA/img_tile12.png?c=190ad619a0e","id":"img_tile12","ext":".png","size":45430},{"src":"ReelHeist/tiles/fr-CA/img_tile11.png?c=17d34d79de3","id":"img_tile11","ext":".png","size":51087},{"src":"ReelHeist/tiles/fr-CA/img_tile10.png?c=1a7f3dbb188","id":"img_tile10","ext":".png","size":12776}],"hi":[{"src":"ReelHeist/tiles/hi/img_tile9.png?c=12ea61af870","id":"img_tile9","ext":".png","size":15209},{"src":"ReelHeist/tiles/hi/img_tile14.png?c=15405eb8266","id":"img_tile14","ext":".png","size":52247},{"src":"ReelHeist/tiles/hi/img_tile13.png?c=1ddcd9cdb35","id":"img_tile13","ext":".png","size":46938},{"src":"ReelHeist/tiles/hi/img_tile12.png?c=1b7bf807547","id":"img_tile12","ext":".png","size":44434},{"src":"ReelHeist/tiles/hi/img_tile11.png?c=17e37f3f5cb","id":"img_tile11","ext":".png","size":50227},{"src":"ReelHeist/tiles/hi/img_tile100.png?c=1d584895711","id":"img_tile100","ext":".png","size":56786},{"src":"ReelHeist/tiles/hi/img_tile10.png?c=172043c3700","id":"img_tile10","ext":".png","size":12503}],"hr":[{"src":"ReelHeist/tiles/hr/img_tile9.png?c=149d4f92970","id":"img_tile9","ext":".png","size":13532},{"src":"ReelHeist/tiles/hr/img_tile15.png?c=18e1f668b6b","id":"img_tile15","ext":".png","size":12001},{"src":"ReelHeist/tiles/hr/img_tile14.png?c=11a14ff6bd3","id":"img_tile14","ext":".png","size":14659},{"src":"ReelHeist/tiles/hr/img_tile13.png?c=1b62cea35e6","id":"img_tile13","ext":".png","size":13350},{"src":"ReelHeist/tiles/hr/img_tile12.png?c=1da383f0b3d","id":"img_tile12","ext":".png","size":12962},{"src":"ReelHeist/tiles/hr/img_tile11.png?c=10753405dab","id":"img_tile11","ext":".png","size":12759},{"src":"ReelHeist/tiles/hr/img_tile10.png?c=13460788178","id":"img_tile10","ext":".png","size":12382}],"hu":[{"src":"ReelHeist/tiles/hu/img_tile9.png?c=1c467144dac","id":"img_tile9","ext":".png","size":13449},{"src":"ReelHeist/tiles/hu/img_tile14.png?c=18d41409350","id":"img_tile14","ext":".png","size":14723},{"src":"ReelHeist/tiles/hu/img_tile13.png?c=10e48396647","id":"img_tile13","ext":".png","size":13100},{"src":"ReelHeist/tiles/hu/img_tile12.png?c=15601f5dbb1","id":"img_tile12","ext":".png","size":12768},{"src":"ReelHeist/tiles/hu/img_tile11.png?c=1ed7593e0f9","id":"img_tile11","ext":".png","size":12684},{"src":"ReelHeist/tiles/hu/img_tile10.png?c=1cc127729e4","id":"img_tile10","ext":".png","size":12448}],"id":[{"src":"ReelHeist/tiles/id/img_tile9.png?c=1519e7b7f99","id":"img_tile9","ext":".png","size":13730},{"src":"ReelHeist/tiles/id/img_tile14.png?c=121ded5f199","id":"img_tile14","ext":".png","size":14648},{"src":"ReelHeist/tiles/id/img_tile13.png?c=106012d2d54","id":"img_tile13","ext":".png","size":13280},{"src":"ReelHeist/tiles/id/img_tile12.png?c=1efaedb511e","id":"img_tile12","ext":".png","size":12648},{"src":"ReelHeist/tiles/id/img_tile11.png?c=157cc74acd1","id":"img_tile11","ext":".png","size":12896},{"src":"ReelHeist/tiles/id/img_tile10.png?c=121eb2c9ee1","id":"img_tile10","ext":".png","size":12401}],"it":[{"src":"ReelHeist/tiles/it/img_tile9.png?c=18266ed31f9","id":"img_tile9","ext":".png","size":13744},{"src":"ReelHeist/tiles/it/img_tile14.png?c=19124574823","id":"img_tile14","ext":".png","size":14436},{"src":"ReelHeist/tiles/it/img_tile13.png?c=1214fefe54a","id":"img_tile13","ext":".png","size":13388},{"src":"ReelHeist/tiles/it/img_tile12.png?c=13deb74b1e4","id":"img_tile12","ext":".png","size":12993},{"src":"ReelHeist/tiles/it/img_tile11.png?c=128058983ec","id":"img_tile11","ext":".png","size":12925},{"src":"ReelHeist/tiles/it/img_tile10.png?c=1a4063ce1ef","id":"img_tile10","ext":".png","size":12756}],"ja":[{"src":"ReelHeist/tiles/ja/img_tile9.png?c=1baef3c7073","id":"img_tile9","ext":".png","size":12708},{"src":"ReelHeist/tiles/ja/img_tile15.png?c=1edc3e65338","id":"img_tile15","ext":".png","size":11637},{"src":"ReelHeist/tiles/ja/img_tile14.png?c=1933966d625","id":"img_tile14","ext":".png","size":14496},{"src":"ReelHeist/tiles/ja/img_tile13.png?c=10c16937a2f","id":"img_tile13","ext":".png","size":13170},{"src":"ReelHeist/tiles/ja/img_tile12.png?c=10d1c9699de","id":"img_tile12","ext":".png","size":12488},{"src":"ReelHeist/tiles/ja/img_tile11.png?c=160be8db178","id":"img_tile11","ext":".png","size":12769},{"src":"ReelHeist/tiles/ja/img_tile100.png?c=15e1448f662","id":"img_tile100","ext":".png","size":15333},{"src":"ReelHeist/tiles/ja/img_tile10.png?c=106d261efbf","id":"img_tile10","ext":".png","size":12528}],"ka":[{"src":"ReelHeist/tiles/ka/img_tile9.png?c=190029cdae5","id":"img_tile9","ext":".png","size":13136},{"src":"ReelHeist/tiles/ka/img_tile15.png?c=1f57141a31c","id":"img_tile15","ext":".png","size":12170},{"src":"ReelHeist/tiles/ka/img_tile14.png?c=13b2eea70e4","id":"img_tile14","ext":".png","size":14839},{"src":"ReelHeist/tiles/ka/img_tile13.png?c=1a31ed39bc6","id":"img_tile13","ext":".png","size":13275},{"src":"ReelHeist/tiles/ka/img_tile12.png?c=17082f1c99d","id":"img_tile12","ext":".png","size":12740},{"src":"ReelHeist/tiles/ka/img_tile11.png?c=1f15f526153","id":"img_tile11","ext":".png","size":12838},{"src":"ReelHeist/tiles/ka/img_tile100.png?c=16893c98203","id":"img_tile100","ext":".png","size":15760},{"src":"ReelHeist/tiles/ka/img_tile10.png?c=1464d58460e","id":"img_tile10","ext":".png","size":12259}],"ko":[{"src":"ReelHeist/tiles/ko/img_tile9.png?c=1d53ab3d962","id":"img_tile9","ext":".png","size":12544},{"src":"ReelHeist/tiles/ko/img_tile15.png?c=175bf6d2957","id":"img_tile15","ext":".png","size":12034},{"src":"ReelHeist/tiles/ko/img_tile14.png?c=197c21cd95e","id":"img_tile14","ext":".png","size":14653},{"src":"ReelHeist/tiles/ko/img_tile13.png?c=1f9565f83e6","id":"img_tile13","ext":".png","size":13070},{"src":"ReelHeist/tiles/ko/img_tile12.png?c=1ebc19cd80f","id":"img_tile12","ext":".png","size":12577},{"src":"ReelHeist/tiles/ko/img_tile11.png?c=11b6bfa60de","id":"img_tile11","ext":".png","size":12605},{"src":"ReelHeist/tiles/ko/img_tile100.png?c=17db4e778fe","id":"img_tile100","ext":".png","size":14632},{"src":"ReelHeist/tiles/ko/img_tile10.png?c=1ae7e8c0724","id":"img_tile10","ext":".png","size":12272}],"ms":[{"src":"ReelHeist/tiles/ms/img_tile9.png?c=1041d4ee76b","id":"img_tile9","ext":".png","size":17271},{"src":"ReelHeist/tiles/ms/img_tile15.png?c=1fe5beaa561","id":"img_tile15","ext":".png","size":12319},{"src":"ReelHeist/tiles/ms/img_tile14.png?c=1ada59360aa","id":"img_tile14","ext":".png","size":52976},{"src":"ReelHeist/tiles/ms/img_tile13.png?c=1265747eccf","id":"img_tile13","ext":".png","size":47616},{"src":"ReelHeist/tiles/ms/img_tile12.png?c=143f3f8e0a1","id":"img_tile12","ext":".png","size":45066},{"src":"ReelHeist/tiles/ms/img_tile11.png?c=11f8ceda9ba","id":"img_tile11","ext":".png","size":50782},{"src":"ReelHeist/tiles/ms/img_tile10.png?c=193622e756b","id":"img_tile10","ext":".png","size":12714}],"nl":[{"src":"ReelHeist/tiles/nl/img_tile9.png?c=1758e9633c3","id":"img_tile9","ext":".png","size":13822},{"src":"ReelHeist/tiles/nl/img_tile14.png?c=1e7e7bc5563","id":"img_tile14","ext":".png","size":14836},{"src":"ReelHeist/tiles/nl/img_tile13.png?c=1c3447821e6","id":"img_tile13","ext":".png","size":13041},{"src":"ReelHeist/tiles/nl/img_tile12.png?c=160a8b27c60","id":"img_tile12","ext":".png","size":12612},{"src":"ReelHeist/tiles/nl/img_tile11.png?c=16f126b5278","id":"img_tile11","ext":".png","size":12772},{"src":"ReelHeist/tiles/nl/img_tile10.png?c=1bfab08ace5","id":"img_tile10","ext":".png","size":12427}],"no":[{"src":"ReelHeist/tiles/no/img_tile9.png?c=1ec0ea8dd25","id":"img_tile9","ext":".png","size":13725},{"src":"ReelHeist/tiles/no/img_tile15.png?c=143a936ffa9","id":"img_tile15","ext":".png","size":11715},{"src":"ReelHeist/tiles/no/img_tile14.png?c=1dd3a0c2eff","id":"img_tile14","ext":".png","size":14671},{"src":"ReelHeist/tiles/no/img_tile13.png?c=1f3fee46491","id":"img_tile13","ext":".png","size":13078},{"src":"ReelHeist/tiles/no/img_tile12.png?c=143a27cbddf","id":"img_tile12","ext":".png","size":12789},{"src":"ReelHeist/tiles/no/img_tile11.png?c=193848a3e5e","id":"img_tile11","ext":".png","size":12857},{"src":"ReelHeist/tiles/no/img_tile10.png?c=122e0474d81","id":"img_tile10","ext":".png","size":12445}],"pl":[{"src":"ReelHeist/tiles/pl/img_tile9.png?c=1d23e795184","id":"img_tile9","ext":".png","size":14020},{"src":"ReelHeist/tiles/pl/img_tile14.png?c=1b19c3c7222","id":"img_tile14","ext":".png","size":14740},{"src":"ReelHeist/tiles/pl/img_tile13.png?c=15d90ff7b7c","id":"img_tile13","ext":".png","size":13192},{"src":"ReelHeist/tiles/pl/img_tile12.png?c=1f73ce24c95","id":"img_tile12","ext":".png","size":12718},{"src":"ReelHeist/tiles/pl/img_tile11.png?c=14719836cc1","id":"img_tile11","ext":".png","size":12839},{"src":"ReelHeist/tiles/pl/img_tile10.png?c=1349e42adae","id":"img_tile10","ext":".png","size":12328}],"pt-BR":[{"src":"ReelHeist/tiles/pt-BR/img_tile9.png?c=175ab24b378","id":"img_tile9","ext":".png","size":14011},{"src":"ReelHeist/tiles/pt-BR/img_tile14.png?c=1f84295d698","id":"img_tile14","ext":".png","size":14940},{"src":"ReelHeist/tiles/pt-BR/img_tile13.png?c=158e7e5602a","id":"img_tile13","ext":".png","size":13096},{"src":"ReelHeist/tiles/pt-BR/img_tile12.png?c=1c0ff5dbb58","id":"img_tile12","ext":".png","size":12823},{"src":"ReelHeist/tiles/pt-BR/img_tile11.png?c=142f990dd00","id":"img_tile11","ext":".png","size":12824},{"src":"ReelHeist/tiles/pt-BR/img_tile10.png?c=1ffe5754729","id":"img_tile10","ext":".png","size":12658}],"ru":[{"src":"ReelHeist/tiles/ru/img_tile9.png?c=1d27be25e27","id":"img_tile9","ext":".png","size":13601},{"src":"ReelHeist/tiles/ru/img_tile15.png?c=1cf2db635f0","id":"img_tile15","ext":".png","size":12781},{"src":"ReelHeist/tiles/ru/img_tile14.png?c=18e82605403","id":"img_tile14","ext":".png","size":14783},{"src":"ReelHeist/tiles/ru/img_tile13.png?c=13a541ba354","id":"img_tile13","ext":".png","size":13435},{"src":"ReelHeist/tiles/ru/img_tile12.png?c=10fd200b333","id":"img_tile12","ext":".png","size":12674},{"src":"ReelHeist/tiles/ru/img_tile11.png?c=14dc0eb8dc3","id":"img_tile11","ext":".png","size":12871},{"src":"ReelHeist/tiles/ru/img_tile100.png?c=1291cb0ab1a","id":"img_tile100","ext":".png","size":14951},{"src":"ReelHeist/tiles/ru/img_tile10.png?c=13729e47a25","id":"img_tile10","ext":".png","size":12138}],"sk":[{"src":"ReelHeist/tiles/sk/img_tile9.png?c=1d93932e73b","id":"img_tile9","ext":".png","size":13345},{"src":"ReelHeist/tiles/sk/img_tile15.png?c=1a842dbf313","id":"img_tile15","ext":".png","size":11815},{"src":"ReelHeist/tiles/sk/img_tile14.png?c=1a3053f47d1","id":"img_tile14","ext":".png","size":14808},{"src":"ReelHeist/tiles/sk/img_tile13.png?c=1cdff04d504","id":"img_tile13","ext":".png","size":13217},{"src":"ReelHeist/tiles/sk/img_tile12.png?c=152a9f59f80","id":"img_tile12","ext":".png","size":12799},{"src":"ReelHeist/tiles/sk/img_tile11.png?c=112eb56f596","id":"img_tile11","ext":".png","size":12849},{"src":"ReelHeist/tiles/sk/img_tile10.png?c=1e4d5e90ed3","id":"img_tile10","ext":".png","size":12488}],"sl":[{"src":"ReelHeist/tiles/sl/img_tile9.png?c=16b7c908845","id":"img_tile9","ext":".png","size":13640},{"src":"ReelHeist/tiles/sl/img_tile15.png?c=1ec9c11b9b6","id":"img_tile15","ext":".png","size":11682},{"src":"ReelHeist/tiles/sl/img_tile14.png?c=1601f1f4004","id":"img_tile14","ext":".png","size":14511},{"src":"ReelHeist/tiles/sl/img_tile13.png?c=1b51ee1725b","id":"img_tile13","ext":".png","size":13376},{"src":"ReelHeist/tiles/sl/img_tile12.png?c=1c0901365a5","id":"img_tile12","ext":".png","size":12922},{"src":"ReelHeist/tiles/sl/img_tile11.png?c=111693f6d8f","id":"img_tile11","ext":".png","size":12803},{"src":"ReelHeist/tiles/sl/img_tile10.png?c=1c04723a512","id":"img_tile10","ext":".png","size":12477}],"sv":[{"src":"ReelHeist/tiles/sv/img_tile9.png?c=107dde2ba65","id":"img_tile9","ext":".png","size":13564},{"src":"ReelHeist/tiles/sv/img_tile14.png?c=10dbe8422a2","id":"img_tile14","ext":".png","size":14858},{"src":"ReelHeist/tiles/sv/img_tile13.png?c=15af6e97314","id":"img_tile13","ext":".png","size":13055},{"src":"ReelHeist/tiles/sv/img_tile12.png?c=1ab60bd28c1","id":"img_tile12","ext":".png","size":12614},{"src":"ReelHeist/tiles/sv/img_tile11.png?c=15cd9d1c30e","id":"img_tile11","ext":".png","size":12977},{"src":"ReelHeist/tiles/sv/img_tile100.png?c=1d8a94960d1","id":"img_tile100","ext":".png","size":14710},{"src":"ReelHeist/tiles/sv/img_tile10.png?c=15a8a107380","id":"img_tile10","ext":".png","size":12370}],"th":[{"src":"ReelHeist/tiles/th/img_tile9.png?c=1024ded4089","id":"img_tile9","ext":".png","size":12894},{"src":"ReelHeist/tiles/th/img_tile15.png?c=19948211a0f","id":"img_tile15","ext":".png","size":11749},{"src":"ReelHeist/tiles/th/img_tile14.png?c=1c3788f026d","id":"img_tile14","ext":".png","size":14689},{"src":"ReelHeist/tiles/th/img_tile13.png?c=1f0a57c0a8e","id":"img_tile13","ext":".png","size":13093},{"src":"ReelHeist/tiles/th/img_tile12.png?c=1271b0de25d","id":"img_tile12","ext":".png","size":12838},{"src":"ReelHeist/tiles/th/img_tile11.png?c=1dc3da6c4bb","id":"img_tile11","ext":".png","size":13030},{"src":"ReelHeist/tiles/th/img_tile100.png?c=162974aff78","id":"img_tile100","ext":".png","size":15638},{"src":"ReelHeist/tiles/th/img_tile10.png?c=18d24e380fe","id":"img_tile10","ext":".png","size":12594}],"tr":[{"src":"ReelHeist/tiles/tr/img_tile9.png?c=19f83892280","id":"img_tile9","ext":".png","size":13200},{"src":"ReelHeist/tiles/tr/img_tile14.png?c=113b308afd1","id":"img_tile14","ext":".png","size":14509},{"src":"ReelHeist/tiles/tr/img_tile13.png?c=17b82716f91","id":"img_tile13","ext":".png","size":13062},{"src":"ReelHeist/tiles/tr/img_tile12.png?c=1a514f815a4","id":"img_tile12","ext":".png","size":12684},{"src":"ReelHeist/tiles/tr/img_tile11.png?c=1a0d99bac51","id":"img_tile11","ext":".png","size":12684},{"src":"ReelHeist/tiles/tr/img_tile10.png?c=18e1aa1d665","id":"img_tile10","ext":".png","size":12340}],"vi":[{"src":"ReelHeist/tiles/vi/img_tile9.png?c=1e597bb9ca6","id":"img_tile9","ext":".png","size":13294},{"src":"ReelHeist/tiles/vi/img_tile15.png?c=1716865bdf7","id":"img_tile15","ext":".png","size":12273},{"src":"ReelHeist/tiles/vi/img_tile14.png?c=1756499ed86","id":"img_tile14","ext":".png","size":14565},{"src":"ReelHeist/tiles/vi/img_tile13.png?c=17dd70ae6a7","id":"img_tile13","ext":".png","size":13059},{"src":"ReelHeist/tiles/vi/img_tile12.png?c=10f70b51f2e","id":"img_tile12","ext":".png","size":12978},{"src":"ReelHeist/tiles/vi/img_tile11.png?c=1f05ba235a7","id":"img_tile11","ext":".png","size":13092},{"src":"ReelHeist/tiles/vi/img_tile10.png?c=1403f927d13","id":"img_tile10","ext":".png","size":12452}],"zh":[{"src":"ReelHeist/tiles/zh/img_tile9.png?c=16f2ac20bac","id":"img_tile9","ext":".png","size":12643},{"src":"ReelHeist/tiles/zh/img_tile15.png?c=18c08ba26b8","id":"img_tile15","ext":".png","size":12182},{"src":"ReelHeist/tiles/zh/img_tile14.png?c=16bc63be796","id":"img_tile14","ext":".png","size":14644},{"src":"ReelHeist/tiles/zh/img_tile13.png?c=1304837a5cc","id":"img_tile13","ext":".png","size":13095},{"src":"ReelHeist/tiles/zh/img_tile12.png?c=10ff5c3a213","id":"img_tile12","ext":".png","size":12582},{"src":"ReelHeist/tiles/zh/img_tile11.png?c=14a89e02176","id":"img_tile11","ext":".png","size":12701},{"src":"ReelHeist/tiles/zh/img_tile100.png?c=1d31df428cf","id":"img_tile100","ext":".png","size":15552},{"src":"ReelHeist/tiles/zh/img_tile10.png?c=1044e7ffef5","id":"img_tile10","ext":".png","size":12137}],"zh-TW":[{"src":"ReelHeist/tiles/zh-TW/img_tile9.png?c=1433aea4c72","id":"img_tile9","ext":".png","size":12643},{"src":"ReelHeist/tiles/zh-TW/img_tile15.png?c=1d886f8cc09","id":"img_tile15","ext":".png","size":11722},{"src":"ReelHeist/tiles/zh-TW/img_tile14.png?c=1c53197ea48","id":"img_tile14","ext":".png","size":14653},{"src":"ReelHeist/tiles/zh-TW/img_tile13.png?c=1166532c23b","id":"img_tile13","ext":".png","size":13060},{"src":"ReelHeist/tiles/zh-TW/img_tile12.png?c=1520973ca0f","id":"img_tile12","ext":".png","size":12919},{"src":"ReelHeist/tiles/zh-TW/img_tile11.png?c=1be997fa2b5","id":"img_tile11","ext":".png","size":12945},{"src":"ReelHeist/tiles/zh-TW/img_tile100.png?c=1ccb71eb134","id":"img_tile100","ext":".png","size":15605},{"src":"ReelHeist/tiles/zh-TW/img_tile10.png?c=155856d9b09","id":"img_tile10","ext":".png","size":12414}]}}